{
    "width": 640,
    "height": 480,
    "intrinsic_matrix": [
        605.8446655273438,
        0,
        0,
        0,
        605.8477172851562,
        0,
        329.8600769042969,
        243.1692657470703,
        1
    ]
}